cheflieu,dep,libelle,ncc,nccenr,reg,tncc
1053,1,Ain,AIN,Ain,84,5
2408,2,Aisne,AISNE,Aisne,32,5
3190,3,Allier,ALLIER,Allier,84,5
4070,4,Alpes-de-Haute-Provence,ALPES DE HAUTE PROVENCE,Alpes-de-Haute-Provence,93,4
5061,5,Hautes-Alpes,HAUTES ALPES,Hautes-Alpes,93,4
6088,6,Alpes-Maritimes,ALPES MARITIMES,Alpes-Maritimes,93,4
7186,7,Ardèche,ARDECHE,Ardèche,84,5
8105,8,Ardennes,ARDENNES,Ardennes,44,4
9122,9,Ariège,ARIEGE,Ariège,76,5
10387,10,Aube,AUBE,Aube,44,5
11069,11,Aude,AUDE,Aude,76,5
12202,12,Aveyron,AVEYRON,Aveyron,76,5
13055,13,Bouches-du-Rhône,BOUCHES DU RHONE,Bouches-du-Rhône,93,4
14118,14,Calvados,CALVADOS,Calvados,28,2
15014,15,Cantal,CANTAL,Cantal,84,2
16015,16,Charente,CHARENTE,Charente,75,3
17300,17,Charente-Maritime,CHARENTE MARITIME,Charente-Maritime,75,3
18033,18,Cher,CHER,Cher,24,2
19272,19,Corrèze,CORREZE,Corrèze,75,3
21231,21,Côte-d'Or,COTE D OR,Côte-d'Or,27,3
22278,22,Côtes-d'Armor,COTES D ARMOR,Côtes-d'Armor,53,4
23096,23,Creuse,CREUSE,Creuse,75,3
24322,24,Dordogne,DORDOGNE,Dordogne,75,3
25056,25,Doubs,DOUBS,Doubs,27,2
26362,26,Drôme,DROME,Drôme,84,3
27229,27,Eure,EURE,Eure,28,5
28085,28,Eure-et-Loir,EURE ET LOIR,Eure-et-Loir,24,1
29232,29,Finistère,FINISTERE,Finistère,53,2
2A004,2A,Corse-du-Sud,CORSE DU SUD,Corse-du-Sud,94,3
2B033,2B,Haute-Corse,HAUTE CORSE,Haute-Corse,94,3
30189,30,Gard,GARD,Gard,76,2
31555,31,Haute-Garonne,HAUTE GARONNE,Haute-Garonne,76,3
32013,32,Gers,GERS,Gers,76,2
33063,33,Gironde,GIRONDE,Gironde,75,3
34172,34,Hérault,HERAULT,Hérault,76,5
35238,35,Ille-et-Vilaine,ILLE ET VILAINE,Ille-et-Vilaine,53,1
36044,36,Indre,INDRE,Indre,24,5
37261,37,Indre-et-Loire,INDRE ET LOIRE,Indre-et-Loire,24,1
38185,38,Isère,ISERE,Isère,84,5
39300,39,Jura,JURA,Jura,27,2
40192,40,Landes,LANDES,Landes,75,4
41018,41,Loir-et-Cher,LOIR ET CHER,Loir-et-Cher,24,2
42218,42,Loire,LOIRE,Loire,84,3
43157,43,Haute-Loire,HAUTE LOIRE,Haute-Loire,84,3
44109,44,Loire-Atlantique,LOIRE ATLANTIQUE,Loire-Atlantique,52,3
45234,45,Loiret,LOIRET,Loiret,24,2
46042,46,Lot,LOT,Lot,76,2
47001,47,Lot-et-Garonne,LOT ET GARONNE,Lot-et-Garonne,75,2
48095,48,Lozère,LOZERE,Lozère,76,3
49007,49,Maine-et-Loire,MAINE ET LOIRE,Maine-et-Loire,52,2
50502,50,Manche,MANCHE,Manche,28,3
51108,51,Marne,MARNE,Marne,44,3
52121,52,Haute-Marne,HAUTE MARNE,Haute-Marne,44,3
53130,53,Mayenne,MAYENNE,Mayenne,52,3
54395,54,Meurthe-et-Moselle,MEURTHE ET MOSELLE,Meurthe-et-Moselle,44,0
55029,55,Meuse,MEUSE,Meuse,44,3
56260,56,Morbihan,MORBIHAN,Morbihan,53,2
57463,57,Moselle,MOSELLE,Moselle,44,3
58194,58,Nièvre,NIEVRE,Nièvre,27,3
59350,59,Nord,NORD,Nord,32,2
60057,60,Oise,OISE,Oise,32,5
61001,61,Orne,ORNE,Orne,28,5
62041,62,Pas-de-Calais,PAS DE CALAIS,Pas-de-Calais,32,2
63113,63,Puy-de-Dôme,PUY DE DOME,Puy-de-Dôme,84,2
64445,64,Pyrénées-Atlantiques,PYRENEES ATLANTIQUES,Pyrénées-Atlantiques,75,4
65440,65,Hautes-Pyrénées,HAUTES PYRENEES,Hautes-Pyrénées,76,4
66136,66,Pyrénées-Orientales,PYRENEES ORIENTALES,Pyrénées-Orientales,76,4
67482,67,Bas-Rhin,BAS RHIN,Bas-Rhin,44,2
68066,68,Haut-Rhin,HAUT RHIN,Haut-Rhin,44,2
69123,69,Rhône,RHONE,Rhône,84,2
70550,70,Haute-Saône,HAUTE SAONE,Haute-Saône,27,3
71270,71,Saône-et-Loire,SAONE ET LOIRE,Saône-et-Loire,27,0
72181,72,Sarthe,SARTHE,Sarthe,52,3
73065,73,Savoie,SAVOIE,Savoie,84,3
74010,74,Haute-Savoie,HAUTE SAVOIE,Haute-Savoie,84,3
75056,75,Paris,PARIS,Paris,11,0
76540,76,Seine-Maritime,SEINE MARITIME,Seine-Maritime,28,3
77288,77,Seine-et-Marne,SEINE ET MARNE,Seine-et-Marne,11,0
78646,78,Yvelines,YVELINES,Yvelines,11,4
79191,79,Deux-Sèvres,DEUX SEVRES,Deux-Sèvres,75,4
80021,80,Somme,SOMME,Somme,32,3
81004,81,Tarn,TARN,Tarn,76,2
82121,82,Tarn-et-Garonne,TARN ET GARONNE,Tarn-et-Garonne,76,2
83137,83,Var,VAR,Var,93,2
84007,84,Vaucluse,VAUCLUSE,Vaucluse,93,2
85191,85,Vendée,VENDEE,Vendée,52,3
86194,86,Vienne,VIENNE,Vienne,75,3
87085,87,Haute-Vienne,HAUTE VIENNE,Haute-Vienne,75,3
88160,88,Vosges,VOSGES,Vosges,44,4
89024,89,Yonne,YONNE,Yonne,27,5
90010,90,Territoire de Belfort,TERRITOIRE DE BELFORT,Territoire de Belfort,27,2
91228,91,Essonne,ESSONNE,Essonne,11,5
92050,92,Hauts-de-Seine,HAUTS DE SEINE,Hauts-de-Seine,11,4
93008,93,Seine-Saint-Denis,SEINE SAINT DENIS,Seine-Saint-Denis,11,3
94028,94,Val-de-Marne,VAL DE MARNE,Val-de-Marne,11,2
95500,95,Val-d'Oise,VAL D OISE,Val-d'Oise,11,2
97105,971,Guadeloupe,GUADELOUPE,Guadeloupe,1,3
97209,972,Martinique,MARTINIQUE,Martinique,2,3
97302,973,Guyane,GUYANE,Guyane,3,3
97411,974,La Réunion,LA REUNION,La Réunion,4,0
97608,976,Mayotte,MAYOTTE,Mayotte,6,0
,975,Saint-Pierre-et-Miquelon,SAINT-PIERRE-ET-MIQUELON,Saint-Pierre-et-Miquelon,COM,
,977,Saint-Barthélemy,SAINT-BARTHELEMY,Saint-Barthélemy,COM,
32389,978,Saint-Martin,SAINT-MARTIN,Saint-Martin,COM,
,986,Wallis-et-Futuna,WALLIS-ET-FUTUNA,Wallis-et-Futuna,COM,
,987,Polynésie française,POLYNESIE FRANCAISE,Polynésie française,COM,
,984,Terres australes et antarctiques françaises,TERRES AUSTRALES ET ANTARCTIQUES FRANCAISES,Terres australes et antarctiques françaises,TA,
,988,Nouvelle-Calédonie,NOUVELLE-CALEDONIE,Nouvelle-Calédonie,NC,
,989,Île de Clipperton,ILE DE CLIPPERTON,Île de Clipperton,IDC,
